first_name,last_name,email,country_code,phone
John,Doe,john.doe@example.com,1,123456789
Jane,Smith,jane.smith@example.com,44,2012345678
Michael,Johnson,michael.johnson@example.com,61,287654321
Emily,Williams,emily.williams@example.com,33,123456789
William,Brown,william.brown@example.com,49,301234567
Olivia,Jones,olivia.jones@example.com,7,4951234567
James,Garcia,james.garcia@example.com,86,1012345678
Emma,Miller,emma.miller@example.com,91,1112345678
David,Davis,david.davis@example.com,81,312345678
Sophia,Rodriguez,sophia.rodriguez@example.com,34,911234567
Ava,Martinez,ava.martinez@example.com,1,234567890
Noah,Hernandez,noah.hernandez@example.com,44,4012345678
Mia,King,mia.king@example.com,61,587654321
Logan,Clark,logan.clark@example.com,33,223456789
Amelia,Johnson,amelia.johnson@example.com,49,311234567
Benjamin,Lee,benjamin.lee@example.com,7,4951234568
Charlotte,Rodriguez,charlotte.rodriguez@example.com,86,1112345679
Elijah,Green,elijah.green@example.com,91,1212345680
Zoe,Adams,zoe.adams@example.com,81,412345681
Oliver,Parker,oliver.parker@example.com,34,921234568
Liam,Moore,liam.moore@example.com,1,345678901
Isabella,Brooks,isabella.brooks@example.com,44,4112345679
Ava,Foster,ava.foster@example.com,61,687654322
Mason,Reed,mason.reed@example.com,33,323456790
Olivia,Bell,olivia.bell@example.com,49,321234568
William,Cole,william.cole@example.com,7,4961234569
Amelia,Kelly,amelia.kelly@example.com,86,1312345681
Ethan,Wright,ethan.wright@example.com,91,1412345682
Mia,Price,mia.price@example.com,81,512345683
Lucas,Hughes,lucas.hughes@example.com,34,931234569
Alexander,Brooks,alexander.brooks@example.com,1,456789012
Sofia,Wright,sofia.wright@example.com,44,4212345682
James,Bailey,james.bailey@example.com,61,787654323
Harper,Scott,harper.scott@example.com,33,423456791
Benjamin,Young,benjamin.young@example.com,49,331234569
Mia,Robinson,mia.robinson@example.com,7,4971234570
Charlotte,Hall,charlotte.hall@example.com,86,1512345683
Elijah,Clark,elijah.clark@example.com,91,1612345684
Zoe,Foster,zoe.foster@example.com,81,612345684
Oliver,Turner,oliver.turner@example.com,34,941234570
Liam,Allen,liam.allen@example.com,1,567890123
Isabella,Reed,isabella.reed@example.com,44,4312345683
Ava,Barnes,ava.barnes@example.com,61,887654324
Mason,Lewis,mason.lewis@example.com,33,523456792
Olivia,Carter,olivia.carter@example.com,49,341234570
William,Ward,william.ward@example.com,7,4981234571
Amelia,Powell,amelia.powell@example.com,86,1712345685
Ethan,Allen,ethan.allen@example.com,91,1812345686
Mia,Ross,mia.ross@example.com,81,712345685
Lucas,Scott,lucas.scott@example.com,34,951234571
